[{"codItem": "123", "desc": "Coca Cola", "medida": "lt", "categoria": "beb", "fabricante": "Coca Cola", "quantidade": "100", "precunit": "3,44"}, {"codItem": "999", "desc": "Fanta Uva", "medida": "lt", "categoria": "beb", "fabricante": "Coca Cola", "quantidade": "3", "precunit": "2,22"}, {"codItem": "123", "desc": "Camisa", "medida": "un", "categoria": "vest", "fabricante": "Lacoste", "quantidade": "2", "precunit": "99999"}, {"codItem": "sdsds", "desc": "Bife de Tubar\u00e3o Baleia", "medida": "kg", "categoria": "frig", "fabricante": "TESTE2", "quantidade": "4", "precunit": "9,99"}]